{
  "RARP_fast_v2": {
    "CAGR": 0.020820096372706764,
    "Vol": 0.01837396757994535,
    "Sharpe": 1.130725216713786,
    "MaxDD": -0.04409157988647561,
    "Calmar": 0.4722011873086226,
    "VaR95": 0.0017292534322094029,
    "ES95": 0.002906277608494608
  },
  "RP_naive": {
    "CAGR": 0.01570660500666743,
    "Vol": 0.013011264308163878,
    "Sharpe": 1.204313676648873,
    "MaxDD": -0.029527113672751626,
    "Calmar": 0.5319383797801369,
    "VaR95": 0.001071860053508676,
    "ES95": 0.0020970992022725553
  },
  "VT_naive": {
    "CAGR": 0.014567770062754892,
    "Vol": 0.012723759886928195,
    "Sharpe": 1.143060589543796,
    "MaxDD": -0.027632021151770214,
    "Calmar": 0.5272060984153388,
    "VaR95": 0.0010832292982391875,
    "ES95": 0.0021104702252832826
  }
}