{
  "RARP_fast": {
    "CAGR": 0.009217101466335809,
    "Vol": 0.048328867278814906,
    "Sharpe": 0.21402179988333284,
    "MaxDD": -0.15684634693122224,
    "Calmar": 0.058765165059136155,
    "VaR95": 0.00449107692125783,
    "ES95": 0.00810777937890855
  },
  "RP_naive": {
    "CAGR": 0.006582709276884868,
    "Vol": 0.039861496925610446,
    "Sharpe": 0.18453833395466776,
    "MaxDD": -0.14387811517838067,
    "Calmar": 0.04575198437040685,
    "VaR95": 0.003565434964239894,
    "ES95": 0.0068188767515590335
  },
  "VT_naive": {
    "CAGR": 0.014567770062754892,
    "Vol": 0.012723759886928195,
    "Sharpe": 1.143060589543796,
    "MaxDD": -0.027632021151770214,
    "Calmar": 0.5272060984153388,
    "VaR95": 0.0010832292982391875,
    "ES95": 0.0021104702252832826
  }
}