{
  "RARP_volBands": {
    "CAGR": 0.01548422788995274,
    "Vol": 0.017204886808407125,
    "Sharpe": 0.9017226889137988,
    "MaxDD": -0.041712598831544545,
    "Calmar": 0.37121225537841623,
    "VaR95": 0.0013887349072904392,
    "ES95": 0.0027039471099630404
  },
  "RP_naive": {
    "CAGR": 0.0096373285495861,
    "Vol": 0.010966200013628833,
    "Sharpe": 0.8801129458699657,
    "MaxDD": -0.025990352314597343,
    "Calmar": 0.3708040750249217,
    "VaR95": 0.0007798618238951612,
    "ES95": 0.0017254615963159434
  },
  "VT_naive": {
    "CAGR": 0.010589955971107345,
    "Vol": 0.010480233004981016,
    "Sharpe": 1.0104174658939864,
    "MaxDD": -0.024902264972361143,
    "Calmar": 0.4252607537049769,
    "VaR95": 0.0007500787446704282,
    "ES95": 0.0016448946175413998
  }
}