{
  "RARP_weekHMM": {
    "CAGR": 0.01425896760616463,
    "Vol": 0.016360721940950385,
    "Sharpe": 0.8735851694907398,
    "MaxDD": -0.03667339520866031,
    "Calmar": 0.38880958594194787,
    "VaR95": 0.0013621199776105372,
    "ES95": 0.0025570375638690546
  },
  "RP_naive": {
    "CAGR": 0.00993698188899983,
    "Vol": 0.01101167461211334,
    "Sharpe": 0.9034721728412842,
    "MaxDD": -0.02544801532701535,
    "Calmar": 0.3904816057875772,
    "VaR95": 0.0008156917757592186,
    "ES95": 0.0017195000595095222
  },
  "VT_naive": {
    "CAGR": 0.010606201359340428,
    "Vol": 0.010548402830050022,
    "Sharpe": 1.005479180718944,
    "MaxDD": -0.024738703074906554,
    "Calmar": 0.4287290779644273,
    "VaR95": 0.0007487981826838832,
    "ES95": 0.0016554879269138256
  }
}