{
  "RARP_mod": {
    "CAGR": 0.016872946516968357,
    "Vol": 0.01759074787667425,
    "Sharpe": 0.9600155958907585,
    "MaxDD": -0.04163547139246604,
    "Calmar": 0.40525412473224753,
    "VaR95": 0.0014833861055023607,
    "ES95": 0.0027456413264438104
  },
  "RP_naive": {
    "CAGR": 0.010347491861997682,
    "Vol": 0.01161778999015576,
    "Sharpe": 0.891908016332968,
    "MaxDD": -0.025448015327014795,
    "Calmar": 0.4066129216376696,
    "VaR95": 0.0008673833958741297,
    "ES95": 0.0018409772091601698
  },
  "VT_naive": {
    "CAGR": 0.011152298628853474,
    "Vol": 0.011142818890667197,
    "Sharpe": 1.0009035436136295,
    "MaxDD": -0.02473870307490622,
    "Calmar": 0.4508036898735343,
    "VaR95": 0.0008201620618748412,
    "ES95": 0.0017773088099329714
  }
}