{
  "RARP_RI": {
    "CAGR": 0.017339508018100247,
    "Vol": 0.017865349583423746,
    "Sharpe": 0.971210920905035,
    "MaxDD": -0.03686594483843886,
    "Calmar": 0.4703394445494026,
    "VaR95": 0.0014510212777830596,
    "ES95": 0.002802879844284914
  },
  "RP_naive": {
    "CAGR": 0.011023871797368079,
    "Vol": 0.011970966199582165,
    "Sharpe": 0.9218486543865021,
    "MaxDD": -0.02544801532701535,
    "Calmar": 0.4331918090942538,
    "VaR95": 0.0009244230197938756,
    "ES95": 0.0019061650542636554
  },
  "VT_naive": {
    "CAGR": 0.011872200146818779,
    "Vol": 0.011488350903300706,
    "Sharpe": 1.0330930225487156,
    "MaxDD": -0.024738703074905,
    "Calmar": 0.47990390243464165,
    "VaR95": 0.000862704595843757,
    "ES95": 0.0018424373348764778
  }
}