{
  "RARP": {
    "CAGR": 0.07421158590636834,
    "Vol": 0.10870760548984758,
    "Sharpe": 0.7131149555917954,
    "MaxDD": -0.20993692461004876,
    "Calmar": 0.3534946796244349,
    "VaR95": 0.011101193322174619,
    "ES95": 0.017107905521093397
  },
  "RP_naive": {
    "CAGR": 0.08256900056861682,
    "Vol": 0.1207936640046168,
    "Sharpe": 0.7174840229179581,
    "MaxDD": -0.23022531034902904,
    "Calmar": 0.3586443230044496,
    "VaR95": 0.01243728961710015,
    "ES95": 0.019167876882008956
  },
  "VT_naive": {
    "CAGR": 0.08256900056861682,
    "Vol": 0.1207936640046168,
    "Sharpe": 0.7174840229179581,
    "MaxDD": -0.23022531034902904,
    "Calmar": 0.3586443230044496,
    "VaR95": 0.01243728961710015,
    "ES95": 0.019167876882008956
  }
}